1,2017 Lacrosse Leaks on Passenger Side (self.Buick),redx2010,2,2
2,How difficult is it to change headlight bulbs on a 2018 Encore? (self.Buick),lostpreacher,2,2
3,2017 Buick Enclave Radio issue (self.Buick),Daisyahoy,2,comment
4,2015 encore radio/Bluetooth problem (self.Buick),Gamer_299,2,comment
5,2008 Buick LaCrosse CX (self.Buick),Angry_Boys,3,8
6,Buick certified used experiences? (self.Buick),jackle0001,3,3
7,2000 buick lesabre ac pulley replacement (self.Buick),nugglenugget,3,1
8,Thinking of getting a 2016 Verano/LaCrosse (self.Buick),jackle0001,3,6
9,New '18 Regal GS Owner! Curious of other owners experiences (self.Buick),CappaccinoJay,10,5
10,Weird grinding/screeching sound from front driver side wheel. (self.Buick),infecter_gadget,1,1
11,98 Buick Regal 3800 S2 Cruise Problem (self.Buick),probinson0977,3,14
12,2006 Buick Lucerne - CXL (self.Buick),Foltorb,6,4
13,I like that new Buick commercial that shows surfer buns. Finally commercials have given some headway (self.Buick),batmanzillathrilla,2,1
14,Looking at a 2015-2017 Regal GS - Any Owners Here? (self.Buick),MrBattleRabbit,6,6
15,"Which Buick is Best Buick? Looking for a car, sub $5k (self.Buick)",thegoose8,7,15
16,2017 Enclave ambience lights (self.Buick),HourlyAlbert,3,3
17,Just picked up a new-to-me 2000 LeSabre (self.Buick),raduque,6,4
18,"Hey Buick, where's the red for top of the line Lacrosse? (self.Buick)",Tomkraemer,5,1
19,2000 lesabre water under seat (self.Buick),kachunga,2,9
20,Buick Verano VS Buick Verano Sport Touring (self.Buick),emmit76,1,18
21,What's the capacity of the coolant resevior on a 1998 Buick LeSabre? (self.Buick),3catmafia,5,6
22,2002 Century cassette player problems (self.Buick),LetThemGraduate,4,4
23,P0008 code on 2010 Lacrosse CXS (3.6L) (self.Buick),zniemiera12,2,comment
24,"Review of 2018 Buick Regal TourX, plus top five wagons of all time. (self.Buick)",noliebro,6,3
25,2004 BUICK RENDEZVOUS (self.Buick),newlifeinTN,3,7
26,"Tire time for my 2013 Buick Encore with Continental Contiprocontact at 46K wear at 4/32, leaking. (self.Buick)",IronWolve,1,comment
27,Reverse Camera Upgrade (2011 Buick LaCrosse) (self.Buick),ayeimchris,3,comment
28,LaCrosse interior plastics (self.Buick),galendiettinger,3,7
29,"Can I cable-connect my phone to a 15 Verano, or is it just Bluetooth? (self.Buick)",GAAP-toothed,2,2
30,"15 Regal, New to Me and OnStar Qs (self.Buick)",philr79,7,2
31,First car (self.Buick),FighterOfNightman14,8,6
32,Compatible parts for the 2011 LaCrosse. Help! (self.Buick),ayeimchris,1,7
33,Hey guys so I just got an 02 lesaber with 60k miles. It’s white. Are there any mods and anything I can do to make it look “cooler” or just not so old man car (self.Buick),jmp61234,6,10
34,03 Century AC/Heat Fan Not Working (self.Buick),Ruari999,2,1
35,2001 Buick Century Shaking (self.Buick),weisjos09,1,2
36,Battery power on 2015 Enclave (self.Buick),puleen,1,6
37,2007 Buick Lucerne having transmission problems? (self.Buick),MWGallagher,5,11
38,Lacrosse Super Handling (self.Buick),Practical_Trader,4,5
39,Bought a new Lesabre - Seat Swap Options? (self.Buick),grumbo,1,1
40,Just purchased my very first Buick! (self.Buick),ivegotfiveyears,7,3
41,05-07 Buick Lacrosse (pre-facelift models) is not fully addressed in Haynes Repair Manual for 2005-2013 Lacrosses. (self.Buick),BuildBruh,5,comment
42,2012 Buick Verano Repair Advice (self.Buick),THX1085,4,2
43,Wanted to have you guys opinion. (self.Buick),Caron1822,2,6
44,What about this guy? (self.Buick),eftdebitatm,2,8
45,2010 Buck Lacrosse (self.Buick),eftdebitatm,3,7
46,"96 Riviera - Any places to buy replacement wheel well trim, other body and interior parts? (self.Buick)",SmitedAsh,5,3
47,Test drove an 18 Regal GS today... (self.Buick),roccoccoSafredi,9,16
48,Buick Regal GS Reliable? (self.Buick),thegoose8,2,12
49,I have a 2017 regal that I am blacking out (self.Buick),Agent_B_Macklin_FBI,2,2
50,Missing Lucy (self.Buick),iron_llama,4,3
51,(help) Buick Verano '12 No AC warning (self.Buick),rp042329,3,6
52,Custom Headlamps for 2010 Lacrosse (self.Buick),KoreanSeats,1,1
53,2016 Buick Encore (self.Buick),haze25,2,2
54,2014 Buick lacrosse single tailpipe rear bumper (self.Buick),AverageJoeInfo,3,comment
55,Recall notice in mail (self.Buick),AverageJoeInfo,1,10
56,"2011 Buick Regal Rough Idle, Dieseling, stalling only when hot (self.Buick)",Kippingthroughlife,5,3
57,aftermarket windshield or oem (self.Buick),AverageJoeInfo,2,1
58,Harman Kardon to BOSE?! Why GM?! (self.Buick),user3404,2,10
59,How difficult to remove front driver side fender/quarter panel on 1999 Buick le sabré custom. (self.Buick),GiveMeMyMonies,3,3
60,Car accident 2011 Buick lacrosse cts (self.Buick),Keithwar123,3,2
61,98 buick lesabre (self.Buick),bacon_boy69,7,3
62,"Question. My 04 Buick regal is stalling out, when I drive or stop. Is it idling too low? And how do I fix it? (self.Buick)",Jessicajf7,4,10
63,2011 Buick Regal (self.Buick),RealSplooshCheck,2,7
64,1997 Park ave (self.Buick),DanielV234,1,13
65,Location of a part that needs replacement (self.Buick),AverageJoeInfo,2,3
66,Looking for the name of this part (self.Buick),AverageJoeInfo,1,comment
67,Motor Mount Help - 2001 Regal LS (self.Buick),angrygr33k,3,3
68,2015 Buick Regal Turbo Premium I Tuning (self.Buick),rdavis787,4,7
69,Looking at a high mileage Lacrosse (self.Buick),seal_raider,3,2
70,'92 Park Avenue Base transmission question! (self.Buick),AlexanderHP592,1,2
71,"Buick SUV drivers - the good, great and not good of driving an Encore or Enclave? (self.Buick)",SubmergedNinja,1,comment
72,Why did you buy an new Encore? What tipped the scales for you? (self.Buick),SubmergedNinja,3,6
73,What to expect? (self.Buick),Wiwup,2,1
74,Where can I buy Sun Visors without big yellow warning stickers for a 13 Buick Encore? (self.Buick),IronWolve,0,2
75,Minor annoyance : How do I get rid of that start up warning about keeping my eyes on the road? (self.Buick),seneschall-,3,comment
76,Intellilink System Question (self.Buick),dglawyer,2,comment
77,Verano 16 or Encore 16 (self.Buick),Ree4se,1,12
78,Buying used 2014 Buick Encore at 2k miles?! (self.Buick),Ree4se,1,2
79,"2016 Buick Verano Radio/Head Panel ""Locked"" (self.Buick)",glauc0n,1,2
80,"Thinking about buying a last gen Park Avenue or Lesabre, any problems I should be aware of? (self.Buick)",msstatelp,3,2
81,Installing car seat in Buick (self.Buick),JD-3,3,3
82,My 1994 LeSabre is having problems. (self.Buick),Hunter-Lawson,3,3
83,Trying to identify a noise coming from our 2003 LeSabre (self.Buick),Penguinaut,1,2
84,2003 Buick LeSabre questions (self.Buick),DLaForce,2,6
85,98 Buick Park Venue Struts Help! (self.Buick),zxzxzxzxyyyy,1,comment
86,"'04 Regal, experienced hard shifting yesterday -- can't replicate the problem today (self.Buick)",STL-UPS-DRIVER,2,2
87,Thinking of buying a used 2004 Buick Regal (self.Buick),wednesday114,5,18
88,04 Buick Century Suspension (self.Buick),CMDRHailedcaribou91,1,2
89,"2004 Buick regal, dash flashing and doesn't start all the way. Plus it makes a loud crunching noise when I turned the key. (self.Buick)",Jessicajf7,1,1
90,08 Allure / Lacrosse CXL - Downsizing wheels for the winter (self.Buick),Jnd156,1,2
91,'08 Lucerne CXL question (self.Buick),BeyHunter_Yura,2,4
92,Please Talk to Me About Flaws 00's-Early '10s (self.Buick),[deleted],2,4
93,"Finally figured out the name for them ""Sail Panels"" - Now how do I remove them? (self.Buick)",AAA515,1,1
94,Need help figuring out some details for my 1964 Buick Special. (self.Buick),BK_FrySauce,3,1
95,How do I remove driver front fender on Buick Century 1999? (self.Buick),itssavi,3,1
96,Which replacement radio would you recommend for a 2002 Buick Century Custom? (self.Buick),Pixelcitizen98,6,2
97,98 Park Ave driver side mirror is brown (self.Buick),zxzxzxzxyyyy,1,2
98,98 Lesabre - cannot get aux tape to work in tape deck (self.Buick),3catmafia,1,7
99,"96 Lesabre, 120k miles. P0440 followed by random stalling (self.Buick)",probablynotahobbit,1,comment
100,04 Century Turn Signal Trouble (self.Buick),GrimIngram,3,4
101,New Regal Styling (self.Buick),Tjax12,2,6
102,01 Buick LeSabre all door features lost same time (self.Buick),azurexdragon23,2,5
103,Buy a new GS or fix my LS (self.Buick),Xachremos,3,3
104,98 Lesabre has trouble maintaining oil pressure (self.Buick),3catmafia,2,2
105,2014 Buick Verano. Looking to replace the power/volume knob (self.Buick),DashThePunk,3,2
106,Advise - '04 Century w/40 Series Flowmaster (self.Buick),CMDRHailedcaribou91,2,1
107,2014 Buick Verano Repair Advice (self.Buick),meerkatmeow,2,7
108,2009 Buick Allure making a whirring noise and when accelerating (self.Buick),tkaran,1,1
109,2011 Buick Regal CXL turbo canadian value (self.Buick),GoodLife4life,1,comment
110,New(ish) to the Family. Picked up a Buick and love it! (self.Buick),DashThePunk,7,comment
111,Problem with keyless entry. (self.Buick),PopeGoomy,3,3
112,Considering C platform (90's Park Avenue/LeSabre) as a first car. Thoughts? (self.Buick),sir_squints,2,5
113,03 Century running a little warm (self.Buick),patcal096,3,6
114,Making a copy of my keys (self.Buick),icantcontrolmyself,3,5
115,Regal TourX Wagon (self.Buick),drericfautstein,3,3
116,2006 Lucerne key fob not working (self.Buick),HereIsntHidden,1,3
117,Onstar module replacement (self.Buick),moroccan4life,1,4
118,2006 Buick LaCrosse P0420 Code (self.Buick),Ruined_forever,1,4
119,Can anyone help me locate a 2017 Buick Regal in Canada? (self.Buick),Mr_Multitask,3,6
120,2014 Buick Regal T Supercharged? (self.Buick),Lolllerson,5,8
121,2016 LaCrosse auto-lock issues (self.Buick),Hight3chLowlif3,3,3
122,New car smells like cigarettes? (self.Buick),zotsandzots,2,2
123,Buick Verano 2012 Bluetooth (self.Buick),moroccan4life,4,5
124,'83 Park Avenue defroster grilles. (self.Buick),CBeitz,1,comment
125,How to get at the rear 3 spark plugs on a 3800 that doesn't have the dog bones. (self.Buick),spen15,3,1
126,Are the 1978 rivieras any good? (self.Buick),Pspboy17,2,1
127,I'm getting a 1998 regal gs what should I look out for? (self.Buick),spen15,2,4
128,2000 Century Buick - All window motors replaces but failing (self.Buick),Thomas4024,1,2
129,Finding the LCM on a 2000 Buick LeSabre? (self.Buick),wespalms,2,1
130,Touchy throttle on '64 Buick. Suggestions? (self.Buick),Szos,1,7
131,1991 Buick Century turn signal stuck on (self.Buick),P5izzle,1,2
132,Questions about putting a Turbo charger on my 73 riviera (self.Buick),rancher1,1,1
133,1992 Buick Roadmaster Estate Interior (self.Buick),Derpsquatch,1,3
134,Where/How to get a key-1974 Buick regal (self.Buick),Nikkisnippets,1,2
135,Good place to find Buick parts? (self.Buick),AC_Mobius,1,2
136,Car troubles. Anyone have some insight? 1990 Buick Century Limited 3.3l v6 3 speed automatic (self.Buick),[deleted],1,6
137,Play audio through bluetooth 2012 LaCrosse (self.Buick),NickPorter_,2,2
138,Custom fit floor liners 2009 LaCrosse (self.Buick),Ojijab,3,1
139,Recently got the 2017 enclave and downloaded the mybuick app. Am I not able to view statistics and turn my car on from the app? (self.Buick),Iauol,1,2
140,03 Century HVAC air control (self.Buick),patcal096,1,1
141,2018 Buick Enclave - yuck (self.Buick),Xanth592,2,4
142,New old Buick owner- 05 park avenue (self.Buick),blooheeler,2,1
143,'99 Park Avenue - Battery Drain? (self.Buick),sashleyz,1,comment
144,"2013 Buick LaCrosse with the eAssist engine, yay or nay? (self.Buick)",askforcar,2,2
145,1997 Century 3.1 Overheating (self.Buick),Kingofowls812,4,4
146,2014 Regal - What's in the Premium 1 package? (self.Buick),nautme,1,comment
147,1988 Buick Riviera (self.Buick),AfonOer,2,3
148,Lights for 2002 buick lesabre? (self.Buick),MetalChrisOfMusic,1,comment
149,Question Regarding my Buick (self.Buick),musicvisuality,1,3
150,2017 Buick Encore doesn't fuel automatically? (self.Buick),zotsandzots,4,5
151,Buying high mileage 2010-14 lacrosse (self.Buick),Jackorr1,2,1
152,2001 Buick Park Ave Speakers (self.Buick),CloudedTrash,2,1
153,How are the Veranos? (self.Buick),Cananbaum,4,4
154,Buick Century 97' Shocks or Struts? (self.Buick),Kingofowls812,1,3
155,1993 Buick LeSabre Custom (self.Buick),Hyper0059,4,4
156,Regal owners (self.Buick),donnysaysvacuum,1,18
157,Does Buick still use the 3800 pushrod engine in any new models? (self.Buick),seasail,6,14
158,"I just bought the supercharger from a 1997 Buick Regal GS , and would like to know how to make sure it's in good running order (self.Buick)",TheOffendingHonda,6,8
159,92 LeSabre Limited. Fix it or junk it? (self.Buick),Dangerus9,1,6
160,98 Buick Century: How to fix interior dome light? (self.Buick),Izzy248,1,2
161,95-96 Park Ave Ultra buying tips (self.Buick),jgushman13,1,2
162,Drums to Disc Buick Century '97 (self.Buick),Kingofowls812,1,2
163,Worth it to hold out for '18 enclave vs '17? (self.Buick),jragers,2,7
164,"Considering a 2010 Lacrosse CXL, need your help (self.Buick)",Soggypocket47,2,5
165,Own a 2011 Enclave with 98k miles. What expenses can I expect for the next 50k miles? (self.Buick),dweedledee,2,15
166,Considering Buying 2005 Rendezvous. (self.Buick),ADuckee,3,2
167,2000 park avenue block heater? (self.Buick),mx5f1,2,1
168,1995 buick roadmaster good buy? (self.Buick),soapboy123,3,12
169,What to look for in a 95 Roadmaster wagon? (self.Buick),soapboy123,3,5
170,03 Century cluster questions (self.Buick),patcal096,1,2
171,Looking at buying an 07 Rendezvous with 75k miles is there any problems I should be looking for? (self.Buick),willworkforupes,1,5
172,'14 Verano - Battery Drain Issues? (self.Buick),-m1-,1,1
173,2010 LaCrosse performance? (self.Buick),KoreanSeats,2,5
174,2011 Regal CXL OEM NAV upgrade? (self.Buick),Get_your_grape_juice,2,2
175,Hardwire dash cam 1998 Buick Century (self.Buick),A118-C,1,4
176,"99 Park Ave, blend door actuator issue (self.Buick)",mikesmith0890,2,4
177,Brake reservoir cap? (self.Buick),mx5f1,1,2
178,2012 Buick regal GS clutch (self.Buick),Jcar90,3,comment
179,2001 Park Avenue Ultra- Battery Issue (self.Buick),joetheging,3,1
180,P0011 code on 2013 regal? (self.Buick),redrover09,1,3
181,Interior repairs? (self.Buick),mx5f1,2,1
182,96 Regal supercharged l67 swap (self.Buick),atblakely,1,1
183,"2016 Buick Verano, climate control problem (self.Buick)",Pcvpotential,4,1
184,Exhaust (self.Buick),tonetone77,1,7
185,02 LeSabre (self.Buick),mthomas1798,1,comment
186,"2003 Century, intermittent no crank. (self.Buick)",patcal096,3,3
187,"2012 buick verano. reliable, or stay away? (self.Buick)",Keepit_100_,2,3
188,64 LeSabre question..... (self.Buick),brandos1,1,1
189,"Winter driving with 20"" tires on the Buick LaCrosse (FWD) (self.Buick)",slvrnppl,2,5
190,Replacing driver's door wiring harness on a 2000 Park Avenue (self.Buick),MrD3a7h,2,1
191,Strange box in trunk (self.Buick),patcal096,1,8
192,[HELP] How do you get at the back 3 spark plugs on the 3800(I have a series 3 btw)? (self.Buick),spen15,1,6
193,New Buick (self.Buick),patcal096,5,8
194,2002 lesabre 15 to 16 inch wheel upgrade (self.Buick),IMSITTINGINYOURCHAIR,1,2
195,How rare is the Buick '88 Electra t-type (self.Buick),Scentedwiind,1,7
196,2002 Rendezvous Crank with no start (self.Buick),yellowzealot,1,16
197,"01 Park Avenue with no Radio, Power Locks and Trunk, or automatic driver preset detection (self.Buick)",tomorrowis2014,1,7
198,"Recently got a '92 Buick Regal here, but no owner's manual. Where can I get one? (self.Buick)",ChrisTheCoolBean,2,13
199,What's the difference between a '71 Electra and a 71' LeSabre? (self.Buick),northy15,1,2
200,Owner of a '92 Regal here. Any tips in general? (self.Buick),ChrisTheCoolBean,4,comment
201,2000 Park Ave Driver's Door Unit (self.Buick),MrD3a7h,2,2
202,2012 Buick Verano (self.Buick),SuperSpy420,3,3
203,4th Gen Buick Century Service Manual (self.Buick),[deleted],2,comment
204,"LaCrosse ""Hybrid"" owners, how can you tell if your batter is actually working at optimum capacity? (self.Buick)",ProjectManagerAMA,4,2
205,2005 Lesabre with 200k miles on it? (self.Buick),[deleted],1,8
206,2001 Park Avenue (self.Buick),chunk_le_funk,3,7
207,Buick Lesabre 92 engine will fairly consistently bog out when the throttle is pushed especially after about 2/3 miles Into a drive. (self.Buick),Hoboken76,1,3
208,Buick Century 2001 driver side windows not working (self.Buick),the_BK_broiler,3,9
209,Early 2000s Buick Lasabre (self.Buick),dpontes98,2,3
210,1998 LeSabre 3800 sudden high oil consumption. (self.Buick),youngmindoldbody,5,2
211,"Auto leveling rear air shocks, manually? (self.Buick)",mx5f1,3,1
212,Cassette player issues [Help] (self.Buick),mx5f1,3,5
213,Is it me or is the non turbo '87 Buick Regal really hard to find? (self.Buick),MyDicksErect,8,9
214,99 Lesabre 3600 Brake Line? (self.Buick),_high_plainsdrifter,6,6
215,2011 Buick LaCrosse (self.Buick),TheDayMan3,3,1
216,Questions about the 2003 LeSabre? (self.Buick),Cananbaum,5,3
217,Looking for part for 1983 Riviera convertible - Part of rear arm rest by power window button (self.Buick),jlmacdonald,4,2
218,GS swap (self.Buick),smokeinjay,8,2
219,Question From A '95 Buick LeSabre Owner (self.Buick),ZapfChancery,4,2
220,Need some insights on 2016 Verano (self.Buick),Cr1m,7,21
221,How to find out which US States Buick sells the most cars in? (self.Buick),mdcaton,3,1
222,I just hit 225k on my 98 Buick Century! (self.Buick),Sonoranpawn,13,8
223,Best 2006 Lucerne floor mats? (self.Buick),Santoro2020,1,10
224,99 Lesabre- no heat (self.Buick),_high_plainsdrifter,1,1
225,2000 Buick Park Ave- want to remove rain sensor (self.Buick),ChuggLife,3,1
226,2012 Enclave - Extra Warranty worth it? (self.Buick),msmith1172,4,3
227,2003 Buick Century Lights won't turn on! (self.Buick),onemillionyrsdungeon,3,3
228,Thoughts on a 2012 Buick Enclave (self.Buick),epicaricacy12,3,4
229,Having sputtering and fuel issues with my 95 Buick Roadmaster. Anyone know what's up? (self.Buick),Schro3der,3,1
230,Buick Century 1991 - Problem with the antenna (self.Buick),noxar,3,2
231,2007 Lucerne CXS Magnaride Bypass (self.Buick),Arthursut,3,comment
232,Haynes manual problem: 1998 Buick Century (self.Buick),oricthedamned,5,7
233,I have a 94 Buick lesabre and I replaced the lower ball joints on the front and now my tires are getting negative camber wear what can I do to fix this I'm on a limited budget (self.Buick),Vinylscratch2563,6,2
234,I have a 1999 Park Avenue Ultra supercharged. How can I make it better (self.Buick),Dewdeda,6,7
235,Is the 2014+ Buick LaCrosse reliable? (self.Buick),yibo829,6,comment
236,97 lesabre engine swap question (self.Buick),atblakely,3,2
237,do awd regals come with e-assist? (self.Buick),d-quik,2,comment
238,72 Skylark coupe. Help! (self.Buick),savm_all,5,12
239,83 buick regal (self.Buick),malebluedolphin,5,6
240,"1994 Buick Regal Custom - Loose bearing, water pump (self.Buick)",teddybcakes1,3,1
241,Need help finding a dipstick (self.Buick),bitnode,3,5
242,1997 buick regal gs (self.Buick),batmanbadass69,4,9
243,In Search of 1968 to 1980 Buick Skylark (paid) (self.Buick),Mugenstylus1,3,1
244,Part help - 2005 Buick Lesabre Ltd Mirror mounts (self.Buick),exzyle2k,1,2
245,"Help with 2004 Buick LeSabre Custom. Engine starts, car runs, most electronics not functional. (self.Buick)",D3c4f0n,2,1
246,Question about the rear drivers side window 'falling off track' in a Buick Regal ls 2003. (self.Buick),Tyroar,2,10
247,Help identifying what I believe is an old Buick (30's/40's?) (self.Buick),Elderain,3,1
248,Need advice about a 1976 Buick Electra Limited (self.Buick),Dystopian13,3,4
249,1997 LaSabre Limited fan control (self.Buick),jimmers14,2,4
250,Help with 2002 Buick Regal Lowering Springs (self.Buick),Ranzork,3,2
251,Help with Spark Plugs and Wires on a 1990 Buick LeSabre Limited 3.8 Liter v6 (self.Buick),Hunter_A_Hayes,1,6
252,2013 lacrosse battery issue (self.Buick),Kofcandre,1,3
253,My 1968 Buick Electra 225 Sedan (self.Buick),redditalltohell,12,9
254,Might be looking at the 01-05ish Buick LeSabre's (self.Buick),DedHed8285,4,5
255,Would you fix it or sell it? (self.Buick),xfire84,5,5
256,Bought a 2007 Lucerne CXS (self.Buick),Arthursut,8,7
257,Interested in purchasing a '96 Roadmaster Estate (self.Buick),cycloneclone,4,3
258,I have some stock wheels for a '99 Riviera and I have no idea what they're worth. Can anyone here help me? (self.Buick),bmcnult19,5,13
259,05 buick century with a few problems (self.Buick),Dranosh,1,comment
260,Long live the 1989 Park Avenue! (self.Buick),valvesmith,6,5
261,1999 Lesabre Oil Pan Replacement Help (self.Buick),xfire84,6,4
262,RIP 1989 Park Avenue Electra (self.Buick),valvesmith,9,11
263,RADIO HARNESS HELP! 2004 Century (self.Buick),That-Guy-Mason,2,1
264,Just bought a 2002 Buick Lesabre! I need a little advice. (self.Buick),MathTheUsername,7,6
265,Passenger side turn signal not working in a 2001 Regal (self.Buick),_carhelpplz_,3,1
266,Is a 1997 buick regal ls a good first car? (self.Buick),UnixLink,10,9
267,Wanted: 79-85 Buick Riviera passenger side turn signal housing w/fiber optic outlet (self.Buick),grandtorino,5,9
268,Help with 92 century custom random stalls. (self.Buick),jwax5150,2,7
269,suspension rebuild (self.Buick),[deleted],4,4
270,307 swap to a 330? Will the THM 350-4l handle it? (self.Buick),grandtorino,5,1
271,Any advice on a 98 lesabre limited? (self.Buick),The_Revolutionary,12,16
272,My new 2001 Buick LeSabre Body Control Module and some other problems. Help? (self.Buick),dutchcycles,1,comment
273,263 to 264 interchangeable parts? (self.Buick),RunYouSonOfAGun,4,3
274,Gifts for a Buick lover? (self.Buick),TeamJJB,6,8
275,Temperature Gauge Gone Wild (self.Buick),exzyle2k,4,6
276,My 99 Buick Century custom taking loner than usual to start. (self.Buick),beerlightpunk,2,5
277,Does anybody know the bulb/part number for the rear turn signals on a 2005 Park Ave? (self.Buick),kasabian1988,1,1
278,2000 Buick Le Sabre - parts (self.Buick),[deleted],3,2
279,clutched pulley for gen1 m62? (self.Buick),three_word_reply,2,comment
280,Heads Up Display in Regals? (self.Buick),exit108,3,6
281,2000 Buick le sabre (self.Buick),merchiescurrrchie,2,3
282,When A Used Dealer Redeems Himself (self.Buick),[deleted],8,3
283,2003 buick rendevous headlamp corner chipped question (self.Buick),Erock11,1,comment
284,Finally got to diagnosing my gas cap loose/evap leak code on my 01 LeSabre after two years :P (self.Buick),Masteraustin,2,comment
285,97 lesabre ignition switch (self.Buick),toconos,2,1
286,Radio for a 1993 buick lesabre? Not an original. What brand will work with my buick? (self.Buick),CaptainSkids,4,4
287,my exhaust rusted in half what do (self.Buick),toconos,2,2
288,"Hey /r/buick, Just bought a 92 Buick Regal Limited coupe. Quick question (self.Buick)",Thatboy_Dee,4,13
289,I just bought a 99 Buick century and I have a question about the 'push to release' lever under the dash. (self.Buick),beerlightpunk,3,10
290,Anyone know where I could possibly get an /r/Buick sticker? (self.Buick),huntpelletier,6,6
291,1968-1972 Buick Skylark (self.Buick),sabube,3,1
292,Installing a amp in a 2002 regal gs (self.Buick),Ranzork,3,2
293,Need help buying muffler for 2002 Regal GS (self.Buick),Ranzork,3,2
294,"My 54 Buick Special Wagon, love me some Buicks... (self.Buick)",BigWorm503,12,9
295,1989 Buick Century power window problems... (self.Buick),ptrcknwmn,2,3
296,1995 Buick Riviera 3800 Series I w/ Supercharger Belt Replacement (self.Buick),Ruettiger,3,2
297,Help Charlene! (self.Buick),[deleted],2,4
298,Wildly different quotes for brake-pad and rotor replacement. (self.Buick),landonrs,1,1
299,2000 Regal LSE 3.8 HELP (self.Buick),tacobelz,1,3
300,"Selling my first car, a 1990 Park Avenue. Family Owned since the day it was purchased. (self.Buick)",blacktop2013,5,7
301,A question about Buick dealer awards (self.Buick),kayhoskitty8542,3,comment
302,Halp no wprz (self.Buick),ultragoodfaker,2,9
303,HELP! 96 Buick Regal! (self.Buick),AceDooce,3,2
304,Help please!! 91 Buick Regal Limited steering wheel smoking! (self.Buick),musiclover55,2,4
305,'98 Buick Lesabre hood ornament? (self.Buick),Sucramdi,1,1
306,Possible performance enhancements to a '00 LeSabre? (self.Buick),Tandyman100,2,3
307,Halogen lights on my 86 Electra T-Type (self.Buick),IamAlampshadeAMAA,0,2
308,"Need a little help with my Riviera, couldn't find anywhere else to go. (self.Buick)",Ihavenodea,0,3
