1,Post a photo of your Lexus/Daily-driver! [September] (self.Lexus),AutoModerator,6,27
2,GS 350 Service History Concern (self.Lexus),okgr8,9,9
3,Lexus CPO warranty (self.Lexus),Sparas28,•,comment
4,Best brakes for spirited driving? (self.Lexus),Calledmykow808,2,2
5,1999 Lexus LS 400 Replacing stock touchscreen (self.Lexus),Billhilly321,1,4
6,Difference between servicing at a local dealer vs Lexus certified dealer ? (self.Lexus),proteenator,2,1
7,2018 IS 300 AWD F Sport 2 (self.Lexus),airmagmcfly,3,comment
8,"Shot in the dark, well priced harmonic balancers for 2JZ that aren't terrible? (self.Lexus)",FondabaruCBR4_6RSAWD,1,3
9,Guide to a cheap used Lexus (first time owner) (self.Lexus),DrectWilliams,7,18
10,Do the 2009+ head-/tail-lights and front-/rear bumpers fit on a 2008 IS250? (self.Lexus),01000110010110012,1,4
11,IS350 or GS350 F-Sport (self.Lexus),m1cism,5,18
12,Just moved to city that gets lots of snow... Which driving modes to use? (self.Lexus),eamesheard,3,6
13,What's the best way to get bluetooth music from iphone to work in a LS430? (self.Lexus),SaltyAreola,2,4
14,2018 Lexus IS 350 F Sport owners! Tell me about your car! (self.Lexus),Smucky564,6,8
15,Help pick Lexus RC color combos? (self.Lexus),butterfucker,2,6
16,credit card needed for loaner during recall repairs? (self.Lexus),east4thstreet,2,5
17,Lexus GS 350 VS RX 350? (self.Lexus),Snakeyes0472,5,16
18,(2006 IS350) I've got a squeak in ny engine but I dont know where it's coming from? (self.Lexus),Calledmykow808,2,3
19,2018 Lexus IS 300 - Pre-Collision System (self.Lexus),xPaperWingz,2,2
20,'06 IS350 Worth It? 155k Miles (self.Lexus),seniorchild,3,1
21,"2019 IS300, any news about CarPlay or release date? (self.Lexus)",invisibleshoes,2,comment
22,"Buying a 2007 Lexus E350, any tips? (self.Lexus)",throwawayfitness04,2,10
23,Killing Pandora in Enform...Sigh. (self.Lexus),albones20,8,6
24,2008 Lexus ES 350 broke gasket (self.Lexus),Smucky564,3,5
25,Question for Techs: LS Headlight Realignment (self.Lexus),ParadigmaticThinker,2,7
26,16 IS350 RWD - okay to have square tires? (self.Lexus),lifethusiast,5,2
27,'95 Liftmaster Garagedoor Opener not pairing with 2018 RX350 (self.Lexus),BetaThetaPirate,3,3
28,2016 Lexus IS 200T - How do I play my spotify? (self.Lexus),Zombie_Whisperer,3,5
29,2016 Lexus IS 200T - How do I fold in side-mirrors? (self.Lexus),Zombie_Whisperer,2,3
30,Is the Throttle Positioning Sensor (TPS) on a 92 SC 400 really different from one on an LS 400? (self.Lexus),TheBeardedMarxist,2,2
31,2015 RX350 - Parchment interior question (self.Lexus),unlimited_beer_works,1,1
32,What would you do? (Advice) (self.Lexus),fnkdrspok,1,5
33,Tire replacement recommendations for 2016 IS 350 F Sport? (self.Lexus),HappyGamer113,3,4
34,2007 Lexus is250 issues help (self.Lexus),karlramos,6,7
35,IS Rear Leg Room - Tall and baby friendly? (self.Lexus),mrsquares,4,10
36,GS 350 advice (self.Lexus),okgr8,3,7
37,2015 IS 250 F Sport Front Brake Sounds? (self.Lexus),tjdals90,3,6
38,Will I get the facelifted RC350 if I order one right now? (self.Lexus),butterfucker,1,2
39,Car jerks sometimes when I put it into drive after reversing. (2016 IS200t) (self.Lexus),bskilly,3,6
40,2017 IS 200t vs 2018 IS 300 (self.Lexus),Thelaudown12,1,1
41,"People who own a ""Lexus ES350"" between 2008 ~ 2010. Kindly I need your help. (self.Lexus)",s_94,1,2
42,What Lexis vehicle should we buy for a 26 year old? (self.Lexus),Queenoftheunsullied,2,11
43,Gs350 track day (self.Lexus),albojoe,38,8
44,How do I test Side Mirror Puddle Lights (3G 2015 IS250)? (self.Lexus),dontautotuneme,1,5
45,Best website to buy a radiator from?? (2JZ-GE) (self.Lexus),BlackRoom_Boy,2,4
46,I just bought an LS460L!! What are the first steps to take with it? (self.Lexus),dezyoxyn,7,15
47,Used RCF best car bargain out there? (self.Lexus),Zilaniz,13,25
48,RXF (self.Lexus),scriminal,2,5
49,2011 rx350 how to reset parental DVD player controls . (self.Lexus),Hamilton_sol,1,comment
50,Question about splicing a LOC for aftermarket sub and amp. (2nd gen IS) (self.Lexus),IntelligentPizza,1,3
51,Disable infotainment animations? 2016 Lexus IS200t (self.Lexus),bskilly,1,comment
52,LEXUS ES 300H (self.Lexus),Sksmsrntmd93,0,3
53,Lexus help (self.Lexus),seedster5,2,6
54,View every US-market Lexus brochure EVER! (self.Lexus),idrewyourcar_dot_com,53,12
55,How are the transmissions of the 2006 IS/IS Sport? (self.Lexus),01000110010110012,1,8
56,Thoughts on an LC500 convertible? (self.Lexus),clohman17,1,1
57,NO SIGNAL on satellite radio (self.Lexus),apoc-ellipsis,1,comment
58,Low Mileage gs300 (self.Lexus),tomjoby,2,7
59,Pressure escaping when (self.Lexus),darthmakaan,0,3
60,‘15 IS250 AWD clunking noise (self.Lexus),IndianMaharaja1,2,1
61,07 is250 heats very slowly inside cabin... Any ideas? (self.Lexus),ehh_whatever,1,4
62,What are your thoughts on the 3rd Gen (2013 - 2016) IS interior quality? (self.Lexus),bskilly,10,17
63,Lexus IS200T f-sport brake worries (self.Lexus),imsin,4,9
64,Lexus '00 LX470 check engine light (O2 sensor) (self.Lexus),kamakazi_fish,2,6
65,LS400 interior question (self.Lexus),virtualracer,4,3
66,Just bought this 1997 sc300 (self.Lexus),schassis408,8,4
67,Question About Throttle Position Sensor for 92 SC 400 (self.Lexus),TheBeardedMarxist,1,comment
68,Lexus Trackpad and Gloves (self.Lexus),theSpatchula,2,comment
69,"Anyone 2IS's here on coils? Looking to lower soon, and poking around for wheel specs (self.Lexus)",refrideratorraider99,1,1
70,ES 300h 2019 vs Tesla Model 3 ? (self.Lexus),zzzzoooo,3,6
71,Anybody grab a 2019 ES 350 F-sport? (self.Lexus),justanotherlawyer80,2,4
72,2014 IS 350 AWD Winter Wheel Recommendations (self.Lexus),neverolimus,1,2
73,Turned 70k and she really needed a bath.... (self.Lexus),ricam78,12,3
74,Stumbled upon these two Nebula Gray Anniversary editions at my local dealer.... (self.Lexus),ricam78,5,5
75,How much was your service for 30k miles or just regular maintenance at the dealer? (self.Lexus),iDonuts,1,8
76,Foggy Passenger Side Mirror (self.Lexus),aznboyknowledge,1,4
77,Average insurance on CT200h? (self.Lexus),illvsory,1,1
78,2018 rx350 f sport 3 vs 2019 Honda pilot black edition (self.Lexus),OneLynchPunch,2,comment
79,Should I buy a Lexus IS 250 f sport for 17k with 75 k on it? (self.Lexus),zachcoin007,4,7
80,2015 gs350 f model vs infinity q50 s (self.Lexus),iDonuts,1,12
81,How often to take my Lexus into for routine maintenance​???​ (self.Lexus),TribalTents,2,3
82,ES350 or GS350? Please share thoughts! (self.Lexus),ClassicStyleATX,6,9
83,In the market for a new car. 2019 Lexus RX 350 vs 2019 Acura RDX (self.Lexus),eugnyc,2,4
84,Possible to lock audio source on ‘14 LX570? (self.Lexus),znelson32,1,2
85,Miata owner looking for Lexus recommendations (self.Lexus),audiate,3,7
86,How easy are Lexus cars to work on? (self.Lexus),sean85,2,5
87,5w30 vs. 0w20/30 (self.Lexus),BRiCC_FLAiR,1,17
88,What is your take on the Lexus GS AWD (self.Lexus),endoftheroad99,1,4
89,2019 rx 350? (self.Lexus),eugnyc,2,1
90,[Question] Is the possible to lock the doors while the car is running? (self.Lexus),BlondeRed,5,5
91,Aux (self.Lexus),cobrajet7,3,2
92,2013 ES350 long term reliability (self.Lexus),cyhusker,2,13
93,[Question] What Lexus would be the best for me? (self.Lexus),ChaosBlaze9,1,5
94,2007 IS220d Radiator Expansion Tank (self.Lexus),_Random_Dude_,1,1
95,Questions about certified pre-owned 2016/17 IS200s (self.Lexus),TakeMySoul2Hell,1,comment
96,"Checking out a 2006 LS430 tomorrow, what to look out for? (self.Lexus)",cobrapek11,0,10
97,"17"" Wheels for IS350? (self.Lexus)",XianMacgregor,6,2
98,Help! Buying 14 IS350! (self.Lexus),Tr3vs,0,3
99,"Speakers not working (down to one speaker, crackling, static, etc)! (self.Lexus)",Trespide,3,15
100,2019 Es audio question (self.Lexus),bardbloom,3,2
101,interior bumper damaged? (self.Lexus),laughingcolors,1,9
102,Best theft deterrent lug nuts? (Vossen CVT) (self.Lexus),lifethusiast,1,11
103,2007 Lexus IS250 RPM and MPH Gauge Needle (self.Lexus),karlramos,1,5
104,Parking Sensor not indicating (self.Lexus),captsponzbpf,1,11
105,What’s the best oil for my 01’ Is 300? (self.Lexus),JJNaisbitt,1,4
106,Questions on buying a used Lexus RX 350 (self.Lexus),x11obfuscation,7,10
107,New UX bust or lust? (self.Lexus),Sparas28,3,8
108,1992 SC400 - Any reason not to buy one? (self.Lexus),Sunder92,1,3
109,1995 LS400 P0420 and P0430 woes (self.Lexus),virtualracer,6,13
110,Lexus ‘07 Es350 help (self.Lexus),captsponzbpf,1,5
111,"Looking to buy a Lexus, advice appreciated (from previous BMW owners) (self.Lexus)",biggersean,6,26
112,I’d love to hear from you all ! (self.Lexus),yesmarte,9,15
113,A650E Really Rough Shifting (self.Lexus),skoumeister,1,14
114,Benz to Lexus and loving it! (self.Lexus),charlc88,39,21
115,Lexus owners - What accessories did you buy for your car? (self.Lexus),wannacontractfree,5,12
116,Hidden Gen 6 diagnostic screen? (self.Lexus),72Puper22GU,2,5
117,Question on buying a used Lexus ES 350 (self.Lexus),x11obfuscation,2,7
118,Dead tilt motor (self.Lexus),cobrajet7,4,comment
119,"Looking into first Lexus tomorrow (IS 350 AWD F Sport), looking for some hep. (self.Lexus)",RemyGee,3,5
120,First Lexus! (self.Lexus),DayDreamingDriver,20,22
121,Issue with my 2006 IS350 and multiple cluster needle LEDs going out (self.Lexus),please_no_photos,2,5
122,2014 IS350 Whining Noise on Gentle Acceleration (self.Lexus),neverolimus,1,7
123,How is base sound system on is350/RC350? (self.Lexus),theSpatchula,1,9
124,Lexus IS XE20 engages clutch to up the RPM? (self.Lexus),mardukaz1,6,13
125,Android Auto/Applr Car Play Head Unit (self.Lexus),jmikepr,10,8
126,1999 ls400 (self.Lexus),cobrajet7,2,2
127,Foubd weird potentiometer in my 97 SC400 (self.Lexus),DrKrieger00,2,11
128,Cant Decide Between A 2010 Lexus ES 350 And A 2009 Lexus GS 350 (self.Lexus),MooseFrags,4,14
129,Any info (self.Lexus),RareDiamondXD,0,1
130,2006 IS 250 water leak problem. What to do? (self.Lexus),MindoftheWarden,2,4
131,Lexus owners - Did you purchase an extended warranty? (self.Lexus),wannacontractfree,4,28
132,[HELP] RX300 2004 Lexus (self.Lexus),Safetytone,2,3
133,Advice/Question | 2015 Lexus iS 250 F-Sport (self.Lexus),cplatt84,5,9
134,2014 IS250 F Sport Question (self.Lexus),Fd2devil,3,10
135,Diesel-Lexus IS? (self.Lexus),GoodGangstaKid,4,3
136,Tips for 2015 IS250 (self.Lexus),MichaelHahaha,8,4
137,2013 GS 350 questions (self.Lexus),thisismychair,11,9
138,1UZFE .pdf request. (self.Lexus),hardestnuts,4,2
139,"Minnesota Lexus owners, do you get your maintenance/work done at the dealership or at an independent shop? (self.Lexus)",HappyGamer113,13,8
140,Alternative Winter Wheels for 2014 Base IS350 (self.Lexus),neverolimus,1,3
141,Has anyone else had this airbag issue in a Lexus LS 460? (self.Lexus),Southern_Girl_,0,4
142,Questions On buying my first Lexus (self.Lexus),vYArt,1,5
143,Tilt motor (self.Lexus),cobrajet7,4,5
144,Is there any way to get music from my phone to the factory head unit of an ‘05 GX470? (self.Lexus),OverlandJeep,5,10
145,Is there a new IS-F coming? (self.Lexus),Smucky564,1,3
146,Is it possible? 2014 Is 250 f sport grill on a base 250 awd? (self.Lexus),Apotheosis_of_mind,1,1
147,Will F-Sport suspension sacrifice comfort? (self.Lexus),bskilly,8,10
148,Is this a trustworthy ad and/or a good buy? (self.Lexus),fezk,2,5
149,Advice on choosing a GS Model? (self.Lexus),ItsMrNipples2u,5,12
150,"IS250 ""sealed and self contained transmission"" (self.Lexus)",FuckingHateMath,1,7
151,transmission flush or a drain and refill? (self.Lexus),mynamewaschosen,2,4
152,2008 gs350 burning a quart every 500 miles (self.Lexus),flavorflash,3,3
153,"If you were to buy your Lexus again, what options would you get / avoid? (self.Lexus)",wannacontractfree,6,32
154,In regard to regen braking on Lexus hybrid (self.Lexus),Eudemon369,1,5
155,Can't pair an Iphone X with 2017 IS300. Help?! (self.Lexus),thebongofamandabynes,0,1
156,Cell Phone Holder Recommendation (self.Lexus),jfrenaye,3,6
157,How to take out block heater from inside the grill. (self.Lexus),toogoodtobetruedude,2,comment
158,Center console troubleshooting (self.Lexus),jediforhire,1,4
159,Should I buy a 2011 Lexus RX 350 with 90k miles on it? (self.Lexus),Alireza202,2,2
160,How often do you drive in Eco/Sport/Sport+? (self.Lexus),Grande_Oso_Hermoso,3,9
161,1st gen LS400 (90-94) vs 2nd gen (95-97)? (self.Lexus),mrpalouse,4,5
162,Lexus recommends cleaning carbon in engine? (self.Lexus),Chrissss1,1,2
163,Lexus GS350 (self.Lexus),BlackNut,1,4
164,Some 2018 RX350 Questions (self.Lexus),BetaThetaPirate,3,2
165,Lexus NX 300 Electric motor speed? (self.Lexus),DelPrive235,0,1
166,Wheel size experts! (self.Lexus),Mangosaregood2,2,8
167,Lexus NX electric motor speed? (self.Lexus),DelPrive235,0,comment
168,Should I sell my IS250? (self.Lexus),RunSwag,1,5
169,What is your MPG for YOUR Lexus? (self.Lexus),Resonan_T,6,37
170,RockAuto rotors for my 08 ISF? (self.Lexus),majorglich,1,1
171,How common are LS430's in your area? (self.Lexus),BigheadedDread,8,12
172,GS 350 2015 vs 2013 (self.Lexus),DayDreamingDriver,1,2
173,2017 IS300 F-Sport (self.Lexus),m1cism,3,22
174,New 2017 lexus is300. Undercoating to reduce cabin noise. Is it worth it? (CAD$599+tax 13%) (self.Lexus),toogoodtobetruedude,0,8
175,1999 or so RX300...good? Bad? Any thoughts? (self.Lexus),Mumblix_Grumph,2,5
176,2014 IS 350 issues? (self.Lexus),smsmsm10,2,3
177,Too good to be true? 99 ls400 (self.Lexus),cobrajet7,1,24
178,Lesus 2011 Is350 AWD Front brake job help! (self.Lexus),toommmy5,0,10
179,Enform navigation times very inaccurate vs Waze/Google maps (self.Lexus),maxweenus,2,5
180,"Recommendations for headers and brakes in my SC400 project. Also, any other recommendations for first phase of upgrades welcome. (self.Lexus)",specialtycars,1,2
181,Lexus IS200t Vibration with AC On (self.Lexus),pngoo,2,7
182,Lexus 2017 IS300. Turn off Active Sound Control? (self.Lexus),toogoodtobetruedude,1,7
183,Fuctionality differences between Luxury and F Sport S - RC 300H (self.Lexus),bysantin,1,1
184,does the 2012 IS 250 Advance come with Mark Levinson Sound System? (self.Lexus),ShiroQ,3,1
185,Key (self.Lexus),cobrajet7,2,7
186,Can any 2016 IS 200t drivers report their fuel economy? (self.Lexus),bskilly,3,6
187,When will it come? (self.Lexus),RareDiamondXD,3,5
188,Upgraded from an ‘07 ES 350 to an ‘18 GS 350 AWD F Sport (self.Lexus),znelson32,7,4
189,Buying a 1997 sc300 (self.Lexus),schassis408,2,2
190,"Assistance with replacing blown rear speakers ""above and behind seats near brake light"" in a 2013 Lexus ES 350 (self.Lexus)",keleka11,1,3
191,Ready to join the Lexus family but have a couple questions first (self.Lexus),NCSUGrad2012,5,7
192,A word of warning if you are driving the 2007-2011 RX 350 or the 2011 RX 350h (self.Lexus),netsirk,7,12
193,People’s opinion on the sound of this exhaust (self.Lexus),RidgeRacerJM,3,19
194,Meet & Greet Million Mile Lexus - Dockweiler Beach in Socal - 31st August (self.Lexus),adventureholix,1,comment
195,Just bought a 2010 Lexus is 350 and I 2ould like to learn more about it. (self.Lexus),Scottman310,4,9
196,Difference between F version and F Sport? (self.Lexus),clohman17,5,6
197,Engine check light. (self.Lexus),kamakazi_fish,1,2
198,Looking for a 2011 RX350 (self.Lexus),Hamilton_sol,5,comment
199,Should I replace the catalytic converter in my 07 IS 250? (self.Lexus),yeetyeetyode,5,9
200,"New to the club, need advise. (self.Lexus)",maxweenus,1,6
201,NX200t seating question (self.Lexus),evilwon12,1,3
202,Yesterday my engine blew up. Now I'm driving a Tesla. (self.Lexus),Techcole,23,16
203,"IS F owners, how tall are you? (self.Lexus)",FeelTheWrath79,6,12
204,What is everybody running for brakes? (self.Lexus),BRiCC_FLAiR,3,17
205,Where to buy a Griffin front emblem for an sc300? (self.Lexus),Bobbylight32,0,4
206,Any one have any advice on the 2007/2008 Lexus GS350 vs IS350 matchup? (self.Lexus),TheLawWillRize,1,4
207,3rd Gen IS 350 MPG Question (self.Lexus),VaJoiner,3,15
208,"If I was looking for leased IS 350’s to buy used, when should I start looking for them to pop up? (self.Lexus)",ImmDanny,2,5
209,"Just went to look at getting a new car today, don't see much talk about the ES here? (self.Lexus)",Black64,1,5
210,Lexus ES300H leaking issue. 2012 model. Can someone identify? (self.Lexus),theindi,1,3
211,Planning to replace mercedes E350 with a lexus. Suggestions? (self.Lexus),lazydementor,6,8
212,Considering a mid-2000s IS 250. Advice? (self.Lexus),7kithara7,1,11
213,Ls400 (self.Lexus),cobrajet7,4,7
214,F Sport vs. Non F Sport? (self.Lexus),wannacontractfree,3,10
215,GS430 VS GS460 VS GS350 (self.Lexus),kidzstreetball,4,8
216,Any confirmed news about GS line discontinued? (self.Lexus),soulwrathz,16,14
217,Loose heat shield from rusted off bolts near 2000 GS exhaust. What bolt size do I need to fix it? (self.Lexus),lepriccon22,6,1
218,In search of intake.. (self.Lexus),Mangosaregood2,0,11
219,GSF vs LC500 (self.Lexus),Samuraidono0000,2,9
220,How do you guys black out chrome trim?? (self.Lexus),TheLongWanderer,3,5
221,LS430 feels less lethargic after a battery replacement (self.Lexus),wpen,2,11
222,"Is there a way to enter your car after using remote engine start, without turning the vehicle off? (self.Lexus)",studentl0ans,4,6
223,2008 LS600hL with 100k miles (self.Lexus),CheshireMidland,4,4
224,Quiet comfort? hybrid vs non hybrid (self.Lexus),Eudemon369,3,1
225,2010 - 2012 LS600hl - What to look out for (self.Lexus),carsDSMted,3,3
226,Looking at the 2019 Lexus ES 300h (self.Lexus),LeoMarius,1,7
227,"First Lexus: 2015 GS350 F Sport, Crafted line. Looking for a reasonable vinyl guy in Dallas, TX. (self.Lexus)",diddy_drtc,7,2
228,"Looking at getting a 2015 IS250, what do I need to know (self.Lexus)",edm28,1,5
229,2008 is250 (self.Lexus),Turbskee,3,8
230,"Looking for 2015+ IS 350 but everything in my price range is around 50k miles or more, is this fine if I don’t go CPO? (self.Lexus)",ImmDanny,2,23
231,2017 Lexus RX350 F Sport: Thoughts? (self.Lexus),polychromaticmadam,2,8
232,Diagnostic Fee for vehicles under normal warranty (self.Lexus),extrasponeshot,1,3
233,"Bought A 1 Owner 1996 SC400 For $2,400 With 142k Miles. (self.Lexus)",blocknewb,10,comment
234,2016 vs 2017 RX350 F Sport Series 2 (self.Lexus),LeftEngraving,7,6
235,Post a photo of your Lexus/Daily-driver! [August] (self.Lexus),AutoModerator,7,24
236,Ride Height Sensor for Ls430 (self.Lexus),thedailystrain,3,1
237,2008 Lexus IS250 HID Headlight Unit (self.Lexus),jaygreadit,2,3
238,Got a cheap ls400 (self.Lexus),cobrajet7,3,5
239,PPF treatment for 2015 IS 350 F (self.Lexus),Grande_Oso_Hermoso,3,6
240,Good site to get extra key fob?!?! (self.Lexus),gs_dubs413,5,4
241,Dynamic radar cruise control (2015 gs350) (self.Lexus),kwyx,2,4
242,2006 IS350 rotors? (self.Lexus),Calledmykow808,1,4
243,2019 models (self.Lexus),a_corsair,11,10
244,Dealership said Lexus Certified cars are non-negotiable from the online rates. Is this true? (self.Lexus),TradinPieces,14,15
245,2018 NX vibration? (self.Lexus),ime1em,0,12
246,Lexus ES300 1998 with 27k miles? (self.Lexus),Citsade,8,21
247,"Need some people to take my survey for buyer behavior, will only take 2 minutes (luxury cars) (self.Lexus)",Stickey794,4,3
248,Upgrade the IS infotainment system? (self.Lexus),Izmir_Stinger,8,5
249,Any recommendations for cool projector headlights for 01 is300? (self.Lexus),Iethannn,2,5
250,Some help with dashboard blurriness after polish (self.Lexus),Chivolence,3,11
251,Help me reconcile these two CPO options (2015 GS 350 F-Sport)? (self.Lexus),limih,2,2
252,New Lexus Owner 2015 IS 350 F Sport (self.Lexus),Grande_Oso_Hermoso,15,14
253,"May buy a 2002 Lexus SC430, thoughts? (self.Lexus)",hillbillycat,4,12
254,Funky electrical issues on 2000 ls400? (I’m new!) (self.Lexus),jppro911,1,3
255,Advice for future purchase (self.Lexus),swagit,2,2
256,Need some help finding an interior part for my 2008 IS 250 AWD (self.Lexus),HelloWorld5609,1,7
257,"2010 IS350C w/18"" wheels : Factory Tire knowledge and/or Tire Brand Recommendations? (self.Lexus)",AyMiOjo,6,15
258,Not changing air filter may result in Warranty being Void. Is this true? (self.Lexus),nolaughingzone,2,5
259,2014 is250 F Sport Smart Key Unlock issue (self.Lexus),Fd2devil,5,6
260,TPMS sensor going off on new rims (self.Lexus),davemathews99,1,2
261,Battery/Power Steering - 2011 Lexus GS 350 (self.Lexus),BaldorX,3,5
262,My 2008 gs350 is burning a lot of oil. Should I be worried? (self.Lexus),flavorflash,2,9
263,Flushing Transmission? Yay or nay? (self.Lexus),axell2,1,8
264,What makes the 2015 GS350 F-Sport popular? (self.Lexus),Nice-N-Eazy,3,16
265,2008 IS F (self.Lexus),Jcwc000,3,3
266,1997 LS400 parts availability in Europe? (self.Lexus),Repmoj,4,comment
267,Lexus IS or GS ? I can’t decide (self.Lexus),itsmoooms,2,5
268,2017 taillight on 2016 IS350? (self.Lexus),cosmic_jackass,2,3
269,Fix for 2007 Lexus is250 car door panel (self.Lexus),karlramos,2,6
270,My 17 Lexus NX Fsport with 20' Wheels (self.Lexus),aranc,12,8
271,What to look for on a parts car? (self.Lexus),Dalekshuffle,1,5
272,2014 Lexus ES 350 driver's mirror fix (self.Lexus),SaintJoachim,2,11
273,2015 Lexus RC 350 for $20K? (self.Lexus),Fantality4,3,14
274,2007 GX470 227k miles $6k a good deal? (self.Lexus),muyoso,2,11
275,"Thinking about upgrading to an IS350 already, advice? (self.Lexus)",RunSwag,1,12
276,Looking for the side view mirror fuse? (self.Lexus),UsableLoki,3,comment
277,1994 Lexus LS400 Hardwire Aux (self.Lexus),maxwelljnelson,4,2
278,2013 ES350 - should I buy? (self.Lexus),dubz_feedz,1,4
279,Next Car? 2013 GS450h or 2015 GS350? (self.Lexus),da_russki,1,1
280,Maintaining my new (old) car (self.Lexus),wheedwhackerjones,2,6
281,Got my windows tinted on LS400 and key fob doesnt work (self.Lexus),Jeremys17,1,5
282,"Broad question, wife wants to dump the minivan for a suv.. I want to spend no more the 15 to 18k. Which one? (self.Lexus)",stolenbyfire,5,4
283,"When does the manufacturer's fuel mileage kick in? Repost, had an error earlier. (self.Lexus)",TDurdan,3,7
284,2015 Lexus IS250 F-Sport Steering Wheel Wear & Cracks? (self.Lexus),SkyTroopa,1,comment
285,Best Car Mount for 2008 Lexus IS 250? (self.Lexus),Dippity55,2,1
286,[2006 LS430] Transmission fluid change interval? (self.Lexus),wpen,1,7
287,Aftermarket headunit to Mark Levinson amp? (self.Lexus),RicciRox,1,2
288,Tire recommendations? (self.Lexus),prototype795,1,6
289,Anyone know what the third row legroom is on the RXL? (self.Lexus),Akula_SSN,3,9
290,‘01 IS300 - Cheap way to grab some more low end torque w/o a motor swap? (self.Lexus),skoumeister,3,6
291,Do you guys experience hydroplaning at low speeds with the stock Bridstone Potenza summer tires on your IS? (self.Lexus),sweetlikeconcrete,4,4
292,Good sunshade for RC 350? (self.Lexus),SugarDick-,0,3
293,Rx400h AC refill? (self.Lexus),DragoonIND,2,3
294,2014 Lexus IS 250 a good first car? (self.Lexus),kimjohnillest,7,8
295,Best leather cleaner? (self.Lexus),ishyman,6,4
296,Convince me not to buy the GX 470 (self.Lexus),rutlands,3,6
297,Any Chicagoians who could recommend a mechanic on the north side? (self.Lexus),elScroggins,0,1
298,Lexus CPO warranty cost (self.Lexus),mkdz,4,1
299,Could someone recommend a mechanic on the northside of Chicago? (self.Lexus),elScroggins,0,2
300,Rattling/Clanking noises IS350 (self.Lexus),mr-tobor,4,comment
301,I don't need a new bumper right..? (self.Lexus),Chivolence,2,2
302,2010 ES350 turn off ABS without pulling fuse? (self.Lexus),Prinzka,2,7
303,Did you guys purchase Lexus ECP with your car? (self.Lexus),strivetobethegoat,1,comment
304,Question about Lexus (self.Lexus),v_NoDespair,6,43
305,Why to get a RX 350?? (self.Lexus),AK_Rowdy4ever,3,2
306,Anyone knows how to set up start up screen movies? (self.Lexus),HybridCola,2,4
307,Build my GE or swap in a GTE (self.Lexus),vonhamma,1,5
308,Need help with a part number | '07 IS250 Bumper (self.Lexus),guster-von,2,1
309,2014 IS 250 Fuse Replacement (self.Lexus),ryantyrant,1,8
310,My lights aren’t always turning off when I have it set to auto. (self.Lexus),flavorflash,10,12
311,How much is a transmission fluid change at Lexus? (self.Lexus),Calledmykow808,2,17
312,SC430 Convertible Top Help (self.Lexus),snidley15,3,2
313,help id'ing a clip (self.Lexus),kvn864,1,9
314,New (to me) 08 IS350 - My first Lexus (self.Lexus),oldassnoob,15,8
315,Help!!!! With my 2008 GS350 AWD Ultra Premium (self.Lexus),ZeeshK,3,3
316,"Just how quiet is your Lexus? Besides engine noise, how does it perform against other common emitters? (self.Lexus)",makewell,2,14
317,2019 Lexus UX Thoughts? (self.Lexus),crazyrabbit7500,1,5
318,Wheel size for 03 is300 (self.Lexus),FieriFlavorFucker,1,5
319,remote start via fob - enform team thought it should be enabled via fob (self.Lexus),rjmccorkle,5,6
320,1999/2000 LS400 questions (self.Lexus),HillarysFloppyChode,3,4
321,Best Radio Upgrade for 2004 ES 330? (self.Lexus),WockhardtIsPurple,3,2
322,IS200 Sportcross rocker panels restoration (self.Lexus),applericot,2,1
323,2000 RX300 176k miles for $3995 worth it? (self.Lexus),crnial,3,9
324,Lexus RX 350 2017 F Sport vs 2018 Base Trim (self.Lexus),wannacontractfree,0,12
325,Is this a good deal on a 2015 Lexus IS 250? (self.Lexus),digitalWizzzard,3,3
326,Differences between 2018 and 2019 NX 300/300h? (self.Lexus),Dihydrogen_Oxide,2,4
327,The only thing holding me back from buying a 2014 ES 350 is the headrest. (self.Lexus),Hufflepuff77,0,7
328,Sticky dash syndrome for Lexus ls460? (self.Lexus),UMDpilot,1,8
329,Will any of these cars go up in value? (self.Lexus),Veslay,3,19
330,IS 2006-2013 Owners - i need help! (self.Lexus),Volfka123,1,1
331,Differences between yearly models (2013-2017) of the Lexus IS 300h? Need help deciding on year/model. (self.Lexus),bigbadVuk,2,comment
332,Question about IS (self.Lexus),bluearrow11,1,8
333,I am now part of the Lexus tribe! Proud SC430 owner. What a car. Album inside. (self.Lexus),Skywhore,11,5
334,Questions for anyone with a 2014+ IS350 with invidia exhaust (self.Lexus),Chivolence,7,6
335,Leave car on while locked and no key (self.Lexus),Zumshib,4,3
336,Cannot lock doors if door is ajar (self.Lexus),theorangerider,1,5
337,Post a photo of your Lexus/Daily-driver! [July] (self.Lexus),AutoModerator,8,21
338,Bumper Paint? (self.Lexus),2Cool2Downvote,2,3
339,2018 gs 350 f sport (self.Lexus),Bigocali311,3,4
340,Check VSC (self.Lexus),mallcall123,0,15
341,2006 Lexus IS 250 needs shocks replacement. How much cost if not doing yourself and if you diy? (self.Lexus),Valiuncy,1,2
342,considering upgrading to a 2010-13 RX350 from an '07 ES350. How do you owners like these vehicles? Any problems to watch out for? (self.Lexus),maggiesura,9,24
343,Anyone else share the opinion that Lexus vehicles didn’t look good until 2014? (self.Lexus),sweetlikeconcrete,0,23
344,14 Lexus GS350 F sport (self.Lexus),Ironmike2452,3,8
345,Is Lexus the only reliable and low maintenance luxury car company? (self.Lexus),sweetlikeconcrete,8,10
346,Engine Belt Cracked. Do I need to replace it? (self.Lexus),deez29,2,8
347,Does anyone know what part this guy is talking about? (self.Lexus),amajorhassle,2,1
348,New Lexus owner. Should I do a timing belt service now? (self.Lexus),chronowc,2,5
349,"Not a lot of LS460 content, so here's my L (self.Lexus)",_213374U_,13,4
350,Fuel delivery pipe recall (self.Lexus),pretti,3,6
351,New subreddit for lovers of japanese luxury cars (self.Lexus),apexwarrior55,1,comment
352,L Certified (self.Lexus),Brandonjoe,1,1
353,Touch-up Paint - Where to buy? (self.Lexus),VinnieMatch69,1,3
354,2013 CT200H entertainment system update. (self.Lexus),B0dona,2,comment
355,Recently got rear ended (self.Lexus),riseken,2,1
356,TRD style parts lexus IS (self.Lexus),cosmic_jackass,1,comment
